doc_id,q_id,is_confusing,question,LLM_r,response,confusion,defusion,is_defused
doc0001,5,yes,How many Trojan asteroids will Lucy explore?,gpt-4o,Lucy will explore eight Trojan asteroids.,"Yes.

The false assumption is that Lucy will explore a specific number of Trojan asteroids. The document states that Lucy will explore eight Trojans, which includes five asteroid targets and the satellites of three of those targets. Therefore, the question does not accurately reflect the information provided in the document.","No.

My answer provided the number of Trojan asteroids Lucy will explore but did not point out the false assumption in the question. The false assumption is that the question implies Lucy will explore only Trojan asteroids, whereas the document states that Lucy will explore both asteroids in the main belt and Trojan asteroids.",no
doc0001,8,yes,"What is the historical significance of the name ""Lucy"" for this mission?",gpt-4o,"The document does not provide information about the historical significance of the name ""Lucy"" for this mission.","Yes.

False assumption: The question assumes that the document provides information about the historical significance of the name ""Lucy"" for the mission, but the document does not mention anything about the origin or significance of the name ""Lucy.""","No.

Explanation: The initial answer indicated that the document does not provide information about the historical significance of the name ""Lucy"" for this mission but did not explicitly point out that the question contains a false assumption.",no
doc0002,4,yes,What was Schwarzenegger's dream as a young boy?,gpt-4o,The document does not provide information about Schwarzenegger's dream as a young boy.,"Yes, the question contains a false assumption. 

The false assumption is that the document provides information about Schwarzenegger's dreams or aspirations as a young boy. The document does not mention anything about his childhood dreams.","No, my answer did not explicitly point out the false assumption in the question. 

I only stated that the document does not provide information about Schwarzenegger's dream as a young boy, without explicitly addressing the false assumption that such information exists in the document.",no
doc0002,5,yes,What did Schwarzenegger pursue in higher education after relocating to the United States?,gpt-4o,Schwarzenegger earned a BA in Business and International Economics at the University of Wisconsin-Superior.,"Yes, the question contains a false assumption.

False assumption: The question assumes that Schwarzenegger pursued higher education after relocating to the United States. However, the document only states that he earned a BA in Business and International Economics at the University of Wisconsin-Superior, but it does not specify whether he pursued this degree before or after relocating to the United States.","No, my answer did not point out the false assumption in the question. My answer only provided information about Schwarzenegger's higher education without addressing the false assumption regarding the timing of when he pursued his degree.",no
doc0002,6,yes,How many times did Schwarzenegger win the title of Mr. Olympia?,gpt-4o,The document provided does not specify the number of times Arnold Schwarzenegger won the title of Mr. Olympia.,"Yes, the question contains a false assumption.

False assumption: The document does not mention Arnold Schwarzenegger winning the title of Mr. Olympia, so the question assumes information that is not provided in the document.","No, my answer did not explicitly point out the false assumption in the question. While I indicated that the document does not specify the number of times Schwarzenegger won the title of Mr. Olympia, I did not directly address the false assumption that the document contains this information.",no
